"","Year","Quarter","CPI","CPI_indirectcharges_loan&deposit","CPI_seasonallyadjusted","HPI_residentprop","HPI_establishedhouse","HPI_dwelling","EXPI_ANZSIC_agri_forest_fishing","EXPI_ANZSIC_Mining","EXPI_ANZSIC_Manufacturing","EXPI_SITC","IMPI_SITC","IMPI_ANZSIC_agri_forest_fishing","IMPI_ANZSIC_Mining","IMPI_ANZSIC_Manufacturing","WPI","WPI_seasonal","WPI_trend","PPI_incl_exports","PPI_excl_exports","Aggreate_CurrentAcc_Million","Good_Services_Cr","Good_Services_Deb","Sec_Income_Cr","Sec_Income_Deb","Aggregate_CapitalAcc_Million","Capital_Cr","Capital_Deb","Pri_Income_Cr","Pri_Income_Deb","Aggregate_FinanicalAcc_Million","Neterror_Million","Good_Services_Cr_ChainMeasure_Million","Good_Services_Deb_ChainMeasure_Million","Good_Services_Cr_ImpPriceDeflatorInd","Good_Services_Deb_ImpPriceDeflatorInd","Total_Foreign_GrossAssets","Total_Foreign_GrossLiabilities","Net_Intl_Investment","export_inThousands","import_inThousands"
"1","1948","Q3",3.7,3.7,NA,NA,NA,NA,NA,NA,NA,NA,NA,NA,NA,NA,NA,NA,NA,NA,NA,NA,NA,NA,NA,NA,NA,NA,NA,NA,NA,NA,NA,NA,NA,NA,NA,NA,NA,NA,NA,NA
"2","1948","Q4",3.8,3.8,NA,NA,NA,NA,NA,NA,NA,NA,NA,NA,NA,NA,NA,NA,NA,NA,NA,NA,NA,NA,NA,NA,NA,NA,NA,NA,NA,NA,NA,NA,NA,NA,NA,NA,NA,NA,NA,NA
"3","1949","Q1",3.9,3.9,NA,NA,NA,NA,NA,NA,NA,NA,NA,NA,NA,NA,NA,NA,NA,NA,NA,NA,NA,NA,NA,NA,NA,NA,NA,NA,NA,NA,NA,NA,NA,NA,NA,NA,NA,NA,NA,NA
"4","1949","Q2",4,4,NA,NA,NA,NA,NA,NA,NA,NA,NA,NA,NA,NA,NA,NA,NA,NA,NA,NA,NA,NA,NA,NA,NA,NA,NA,NA,NA,NA,NA,NA,NA,NA,NA,NA,NA,NA,NA,NA
"5","1949","Q3",4.1,4.1,NA,NA,NA,NA,NA,NA,NA,NA,NA,NA,NA,NA,NA,NA,NA,NA,NA,NA,NA,NA,NA,NA,NA,NA,NA,NA,NA,NA,NA,NA,NA,NA,NA,NA,NA,NA,NA,NA
"6","1949","Q4",4.1,4.1,NA,NA,NA,NA,NA,NA,NA,NA,NA,NA,NA,NA,NA,NA,NA,NA,NA,NA,NA,NA,NA,NA,NA,NA,NA,NA,NA,NA,NA,NA,NA,NA,NA,NA,NA,NA,NA,NA
"7","1950","Q1",4.2,4.2,NA,NA,NA,NA,NA,NA,NA,NA,NA,NA,NA,NA,NA,NA,NA,NA,NA,NA,NA,NA,NA,NA,NA,NA,NA,NA,NA,NA,NA,NA,NA,NA,NA,NA,NA,NA,NA,NA
"8","1950","Q2",4.3,4.3,NA,NA,NA,NA,NA,NA,NA,NA,NA,NA,NA,NA,NA,NA,NA,NA,NA,NA,NA,NA,NA,NA,NA,NA,NA,NA,NA,NA,NA,NA,NA,NA,NA,NA,NA,NA,NA,NA
"9","1950","Q3",4.4,4.4,NA,NA,NA,NA,NA,NA,NA,NA,NA,NA,NA,NA,NA,NA,NA,NA,NA,NA,NA,NA,NA,NA,NA,NA,NA,NA,NA,NA,NA,NA,NA,NA,NA,NA,NA,NA,NA,NA
"10","1950","Q4",4.6,4.6,NA,NA,NA,NA,NA,NA,NA,NA,NA,NA,NA,NA,NA,NA,NA,NA,NA,NA,NA,NA,NA,NA,NA,NA,NA,NA,NA,NA,NA,NA,NA,NA,NA,NA,NA,NA,NA,NA
"11","1951","Q1",4.8,4.8,NA,NA,NA,NA,NA,NA,NA,NA,NA,NA,NA,NA,NA,NA,NA,NA,NA,NA,NA,NA,NA,NA,NA,NA,NA,NA,NA,NA,NA,NA,NA,NA,NA,NA,NA,NA,NA,NA
"12","1951","Q2",5.1,5.1,NA,NA,NA,NA,NA,NA,NA,NA,NA,NA,NA,NA,NA,NA,NA,NA,NA,NA,NA,NA,NA,NA,NA,NA,NA,NA,NA,NA,NA,NA,NA,NA,NA,NA,NA,NA,NA,NA
"13","1951","Q3",5.3,5.3,NA,NA,NA,NA,NA,NA,NA,NA,NA,NA,NA,NA,NA,NA,NA,NA,NA,NA,NA,NA,NA,NA,NA,NA,NA,NA,NA,NA,NA,NA,NA,NA,NA,NA,NA,NA,NA,NA
"14","1951","Q4",5.7,5.7,NA,NA,NA,NA,NA,NA,NA,NA,NA,NA,NA,NA,NA,NA,NA,NA,NA,NA,NA,NA,NA,NA,NA,NA,NA,NA,NA,NA,NA,NA,NA,NA,NA,NA,NA,NA,NA,NA
"15","1952","Q1",5.9,5.9,NA,NA,NA,NA,NA,NA,NA,NA,NA,NA,NA,NA,NA,NA,NA,NA,NA,NA,NA,NA,NA,NA,NA,NA,NA,NA,NA,NA,NA,NA,NA,NA,NA,NA,NA,NA,NA,NA
"16","1952","Q2",6.1,6.1,NA,NA,NA,NA,NA,NA,NA,NA,NA,NA,NA,NA,NA,NA,NA,NA,NA,NA,NA,NA,NA,NA,NA,NA,NA,NA,NA,NA,NA,NA,NA,NA,NA,NA,NA,NA,NA,NA
"17","1952","Q3",6.2,6.2,NA,NA,NA,NA,NA,NA,NA,NA,NA,NA,NA,NA,NA,NA,NA,NA,NA,NA,NA,NA,NA,NA,NA,NA,NA,NA,NA,NA,NA,NA,NA,NA,NA,NA,NA,NA,NA,NA
"18","1952","Q4",6.3,6.3,NA,NA,NA,NA,NA,NA,NA,NA,NA,NA,NA,NA,NA,NA,NA,NA,NA,NA,NA,NA,NA,NA,NA,NA,NA,NA,NA,NA,NA,NA,NA,NA,NA,NA,NA,NA,NA,NA
"19","1953","Q1",6.3,6.3,NA,NA,NA,NA,NA,NA,NA,NA,NA,NA,NA,NA,NA,NA,NA,NA,NA,NA,NA,NA,NA,NA,NA,NA,NA,NA,NA,NA,NA,NA,NA,NA,NA,NA,NA,NA,NA,NA
"20","1953","Q2",6.4,6.4,NA,NA,NA,NA,NA,NA,NA,NA,NA,NA,NA,NA,NA,NA,NA,NA,NA,NA,NA,NA,NA,NA,NA,NA,NA,NA,NA,NA,NA,NA,NA,NA,NA,NA,NA,NA,NA,NA
"21","1953","Q3",6.5,6.5,NA,NA,NA,NA,NA,NA,NA,NA,NA,NA,NA,NA,NA,NA,NA,NA,NA,NA,NA,NA,NA,NA,NA,NA,NA,NA,NA,NA,NA,NA,NA,NA,NA,NA,NA,NA,NA,NA
"22","1953","Q4",6.4,6.4,NA,NA,NA,NA,NA,NA,NA,NA,NA,NA,NA,NA,NA,NA,NA,NA,NA,NA,NA,NA,NA,NA,NA,NA,NA,NA,NA,NA,NA,NA,NA,NA,NA,NA,NA,NA,NA,NA
"23","1954","Q1",6.5,6.5,NA,NA,NA,NA,NA,NA,NA,NA,NA,NA,NA,NA,NA,NA,NA,NA,NA,NA,NA,NA,NA,NA,NA,NA,NA,NA,NA,NA,NA,NA,NA,NA,NA,NA,NA,NA,NA,NA
"24","1954","Q2",6.5,6.5,NA,NA,NA,NA,NA,NA,NA,NA,NA,NA,NA,NA,NA,NA,NA,NA,NA,NA,NA,NA,NA,NA,NA,NA,NA,NA,NA,NA,NA,NA,NA,NA,NA,NA,NA,NA,NA,NA
"25","1954","Q3",6.5,6.5,NA,NA,NA,NA,NA,NA,NA,NA,NA,NA,NA,NA,NA,NA,NA,NA,NA,NA,NA,NA,NA,NA,NA,NA,NA,NA,NA,NA,NA,NA,NA,NA,NA,NA,NA,NA,NA,NA
"26","1954","Q4",6.5,6.5,NA,NA,NA,NA,NA,NA,NA,NA,NA,NA,NA,NA,NA,NA,NA,NA,NA,NA,NA,NA,NA,NA,NA,NA,NA,NA,NA,NA,NA,NA,NA,NA,NA,NA,NA,NA,NA,NA
"27","1955","Q1",6.5,6.5,NA,NA,NA,NA,NA,NA,NA,NA,NA,NA,NA,NA,NA,NA,NA,NA,NA,NA,NA,NA,NA,NA,NA,NA,NA,NA,NA,NA,NA,NA,NA,NA,NA,NA,NA,NA,NA,NA
"28","1955","Q2",6.6,6.6,NA,NA,NA,NA,NA,NA,NA,NA,NA,NA,NA,NA,NA,NA,NA,NA,NA,NA,NA,NA,NA,NA,NA,NA,NA,NA,NA,NA,NA,NA,NA,NA,NA,NA,NA,NA,NA,NA
"29","1955","Q3",6.6,6.6,NA,NA,NA,NA,NA,NA,NA,NA,NA,NA,NA,NA,NA,NA,NA,NA,NA,NA,NA,NA,NA,NA,NA,NA,NA,NA,NA,NA,NA,NA,NA,NA,NA,NA,NA,NA,NA,NA
"30","1955","Q4",6.7,6.7,NA,NA,NA,NA,NA,NA,NA,NA,NA,NA,NA,NA,NA,NA,NA,NA,NA,NA,NA,NA,NA,NA,NA,NA,NA,NA,NA,NA,NA,NA,NA,NA,NA,NA,NA,NA,NA,NA
"31","1956","Q1",6.7,6.7,NA,NA,NA,NA,NA,NA,NA,NA,NA,NA,NA,NA,NA,NA,NA,NA,NA,NA,NA,NA,NA,NA,NA,NA,NA,NA,NA,NA,NA,NA,NA,NA,NA,NA,NA,NA,NA,NA
"32","1956","Q2",7,7,NA,NA,NA,NA,NA,NA,NA,NA,NA,NA,NA,NA,NA,NA,NA,NA,NA,NA,NA,NA,NA,NA,NA,NA,NA,NA,NA,NA,NA,NA,NA,NA,NA,NA,NA,NA,NA,NA
"33","1956","Q3",7.1,7.1,NA,NA,NA,NA,NA,NA,NA,NA,NA,NA,NA,NA,NA,NA,NA,NA,NA,NA,NA,NA,NA,NA,NA,NA,NA,NA,NA,NA,NA,NA,NA,NA,NA,NA,NA,NA,NA,NA
"34","1956","Q4",7.1,7.1,NA,NA,NA,NA,NA,NA,NA,NA,NA,NA,NA,NA,NA,NA,NA,NA,NA,NA,NA,NA,NA,NA,NA,NA,NA,NA,NA,NA,NA,NA,NA,NA,NA,NA,NA,NA,NA,NA
"35","1957","Q1",7.1,7.1,NA,NA,NA,NA,NA,NA,NA,NA,NA,NA,NA,NA,NA,NA,NA,NA,NA,NA,NA,NA,NA,NA,NA,NA,NA,NA,NA,NA,NA,NA,NA,NA,NA,NA,NA,NA,NA,NA
"36","1957","Q2",7.2,7.2,NA,NA,NA,NA,NA,NA,NA,NA,NA,NA,NA,NA,NA,NA,NA,NA,NA,NA,NA,NA,NA,NA,NA,NA,NA,NA,NA,NA,NA,NA,NA,NA,NA,NA,NA,NA,NA,NA
"37","1957","Q3",7.2,7.2,NA,NA,NA,NA,NA,NA,NA,NA,NA,NA,NA,NA,NA,NA,NA,NA,NA,NA,NA,NA,NA,NA,NA,NA,NA,NA,NA,NA,NA,NA,NA,NA,NA,NA,NA,NA,NA,NA
"38","1957","Q4",7.2,7.2,NA,NA,NA,NA,NA,NA,NA,NA,NA,NA,NA,NA,NA,NA,NA,NA,NA,NA,NA,NA,NA,NA,NA,NA,NA,NA,NA,NA,NA,NA,NA,NA,NA,NA,NA,NA,NA,NA
"39","1958","Q1",7.2,7.2,NA,NA,NA,NA,NA,NA,NA,NA,NA,NA,NA,NA,NA,NA,NA,NA,NA,NA,NA,NA,NA,NA,NA,NA,NA,NA,NA,NA,NA,NA,NA,NA,NA,NA,NA,NA,NA,NA
"40","1958","Q2",7.2,7.2,NA,NA,NA,NA,NA,NA,NA,NA,NA,NA,NA,NA,NA,NA,NA,NA,NA,NA,NA,NA,NA,NA,NA,NA,NA,NA,NA,NA,NA,NA,NA,NA,NA,NA,NA,NA,NA,NA
"41","1958","Q3",7.2,7.2,NA,NA,NA,NA,NA,NA,NA,NA,NA,NA,NA,NA,NA,NA,NA,NA,NA,NA,NA,NA,NA,NA,NA,NA,NA,NA,NA,NA,NA,NA,NA,NA,NA,NA,NA,NA,NA,NA
"42","1958","Q4",7.3,7.3,NA,NA,NA,NA,NA,NA,NA,NA,NA,NA,NA,NA,NA,NA,NA,NA,NA,NA,NA,NA,NA,NA,NA,NA,NA,NA,NA,NA,NA,NA,NA,NA,NA,NA,NA,NA,NA,NA
"43","1959","Q1",7.3,7.4,NA,NA,NA,NA,NA,NA,NA,NA,NA,NA,NA,NA,NA,NA,NA,NA,NA,NA,NA,NA,NA,NA,NA,NA,NA,NA,NA,NA,NA,NA,NA,NA,NA,NA,NA,NA,NA,NA
"44","1959","Q2",7.3,7.4,NA,NA,NA,NA,NA,NA,NA,NA,NA,NA,NA,NA,NA,NA,NA,NA,NA,NA,NA,NA,NA,NA,NA,NA,NA,NA,NA,NA,NA,NA,NA,NA,NA,NA,NA,NA,NA,NA
"45","1959","Q3",7.4,7.4,NA,NA,NA,NA,NA,NA,NA,NA,NA,NA,NA,NA,NA,NA,NA,NA,NA,-100,465,-532,53,-21,-1,0,-1,11,-76,102,-1,3479,-3310,13.4,16.1,0,0,0,NA,NA
"46","1959","Q4",7.5,7.5,NA,NA,NA,NA,NA,NA,NA,NA,NA,NA,NA,NA,NA,NA,NA,NA,NA,13,612,-565,56,-19,-1,0,-1,12,-83,23,-35,4605,-3453,13.3,16.4,0,0,0,NA,NA
"47","1960","Q1",7.5,7.5,NA,NA,NA,NA,NA,NA,NA,NA,NA,NA,NA,NA,NA,NA,NA,NA,NA,-71,557,-596,56,-22,-2,0,-2,10,-76,101,-28,4100,-3642,13.6,16.4,0,0,0,NA,NA
"48","1960","Q2",7.6,7.6,NA,NA,NA,NA,NA,NA,NA,NA,NA,NA,NA,NA,NA,NA,NA,NA,NA,-153,521,-639,54,-27,-2,0,-2,14,-76,174,-19,3835,-3999,13.6,16,0,0,0,NA,NA
"49","1960","Q3",7.7,7.7,NA,NA,NA,NA,NA,NA,NA,NA,NA,NA,NA,NA,NA,NA,NA,NA,NA,-243,456,-672,59,-29,-2,0,-2,14,-71,338,-93,3431,-4131,13.3,16.3,0,0,0,NA,NA
"50","1960","Q4",7.8,7.8,NA,NA,NA,NA,NA,NA,NA,NA,NA,NA,NA,NA,NA,NA,NA,NA,NA,-178,522,-670,60,-27,-2,0,-2,15,-78,167,13,3821,-4168,13.7,16.1,0,0,0,NA,NA
"51","1961","Q1",7.8,7.9,NA,NA,NA,NA,NA,NA,NA,NA,NA,NA,NA,NA,NA,NA,NA,NA,NA,-160,571,-688,62,-23,-2,0,-2,12,-94,118,44,4419,-4204,12.9,16.4,0,0,0,NA,NA
"52","1961","Q2",7.9,7.9,NA,NA,NA,NA,NA,NA,NA,NA,NA,NA,NA,NA,NA,NA,NA,NA,NA,-3,627,-606,59,-23,-2,0,-2,14,-74,-90,95,5146,-3703,12.2,16.4,0,0,0,NA,NA
"53","1961","Q3",7.8,7.9,NA,NA,NA,NA,NA,NA,NA,NA,NA,NA,NA,NA,NA,NA,NA,NA,NA,23,569,-534,61,-33,-3,0,-3,16,-56,19,-39,4281,-3283,13.3,16.3,0,0,0,NA,NA
"54","1961","Q4",7.8,7.9,NA,NA,NA,NA,NA,NA,NA,NA,NA,NA,NA,NA,NA,NA,NA,NA,NA,109,643,-510,69,-25,-2,0,-2,22,-90,-8,-99,4976,-3154,12.9,16.2,0,0,0,NA,NA
"55","1962","Q1",7.8,7.9,NA,NA,NA,NA,NA,NA,NA,NA,NA,NA,NA,NA,NA,NA,NA,NA,NA,28,630,-578,60,-29,-3,0,-3,17,-72,18,-43,4904,-3596,12.8,16.1,0,0,0,NA,NA
"56","1962","Q2",7.8,7.9,NA,NA,NA,NA,NA,NA,NA,NA,NA,NA,NA,NA,NA,NA,NA,NA,NA,-5,634,-621,64,-30,-2,0,-2,18,-70,20,-13,4935,-3863,12.8,16.1,0,0,0,NA,NA
"57","1962","Q3",7.8,7.9,NA,NA,NA,NA,NA,NA,NA,NA,NA,NA,NA,NA,NA,NA,NA,NA,NA,-139,539,-656,64,-30,-2,0,-2,14,-70,172,-31,4148,-4009,13,16.4,0,0,0,NA,NA
"58","1962","Q4",7.8,7.9,NA,NA,NA,NA,NA,NA,NA,NA,NA,NA,NA,NA,NA,NA,NA,NA,NA,-50,642,-652,71,-31,-3,0,-3,19,-99,77,-24,4940,-3984,13,16.4,0,0,0,NA,NA
"59","1963","Q1",7.8,7.9,NA,NA,NA,NA,NA,NA,NA,NA,NA,NA,NA,NA,NA,NA,NA,NA,NA,-52,653,-656,69,-32,-3,0,-3,18,-104,63,-8,4806,-4057,13.6,16.2,0,0,0,NA,NA
"60","1963","Q2",7.8,7.9,NA,NA,NA,NA,NA,NA,NA,NA,NA,NA,NA,NA,NA,NA,NA,NA,NA,-62,663,-692,69,-42,-4,0,-4,18,-78,76,-10,4776,-4254,13.9,16.3,0,0,0,NA,NA
"61","1963","Q3",7.9,7.9,NA,NA,NA,NA,NA,NA,NA,NA,NA,NA,NA,NA,NA,NA,NA,NA,NA,-30,717,-697,70,-42,-3,0,-3,18,-96,-33,66,5084,-4336,14.1,16.1,0,0,0,NA,NA
"62","1963","Q4",7.9,7.9,NA,NA,NA,NA,NA,NA,NA,NA,NA,NA,NA,NA,NA,NA,NA,NA,NA,115,831,-677,72,-39,-3,0,-3,21,-93,-108,-4,5742,-4212,14.5,16.1,0,0,0,NA,NA
"63","1964","Q1",8,8,NA,NA,NA,NA,NA,NA,NA,NA,NA,NA,NA,NA,NA,NA,NA,NA,NA,51,812,-736,72,-35,-3,0,-3,21,-83,39,-87,5417,-4579,15,16.1,0,0,0,NA,NA
"64","1964","Q2",8,8,NA,NA,NA,NA,NA,NA,NA,NA,NA,NA,NA,NA,NA,NA,NA,NA,NA,-51,809,-810,77,-42,-4,0,-4,25,-110,81,-26,5506,-5009,14.7,16.2,0,0,0,NA,NA
"65","1964","Q3",8.1,8.1,NA,NA,NA,NA,NA,NA,NA,NA,NA,NA,NA,NA,NA,NA,NA,NA,NA,-162,710,-847,73,-40,-3,0,-3,26,-84,204,-39,4931,-5238,14.4,16.2,0,0,0,NA,NA
"66","1964","Q4",8.2,8.2,NA,NA,NA,NA,NA,NA,NA,NA,NA,NA,NA,NA,NA,NA,NA,NA,NA,-111,792,-864,75,-40,-4,0,-4,30,-104,97,18,5558,-5343,14.3,16.2,0,0,0,NA,NA
"67","1965","Q1",8.2,8.2,NA,NA,NA,NA,NA,NA,NA,NA,NA,NA,NA,NA,NA,NA,NA,NA,NA,-164,764,-884,77,-50,-5,0,-5,28,-99,223,-54,5446,-5339,14,16.6,0,0,0,NA,NA
"68","1965","Q2",8.3,8.4,NA,NA,NA,NA,NA,NA,NA,NA,NA,NA,NA,NA,NA,NA,NA,NA,NA,-197,795,-940,76,-52,-5,0,-5,26,-102,269,-67,5758,-5677,13.8,16.6,0,0,0,NA,NA
"69","1965","Q3",8.4,8.4,NA,NA,NA,NA,NA,NA,NA,NA,NA,NA,NA,NA,NA,NA,NA,NA,NA,-295,762,-1013,82,-45,-4,0,-4,27,-108,282,17,5489,-6154,13.9,16.5,0,0,0,NA,NA
"70","1965","Q4",8.5,8.5,NA,NA,NA,NA,NA,NA,NA,NA,NA,NA,NA,NA,NA,NA,NA,NA,NA,-204,795,-933,76,-60,-4,0,-4,23,-105,175,33,5637,-5668,14.1,16.5,0,0,0,NA,NA
"71","1966","Q1",8.6,8.6,NA,NA,NA,NA,NA,NA,NA,NA,NA,NA,NA,NA,NA,NA,NA,NA,NA,-140,768,-865,76,-48,-4,0,-4,25,-96,136,8,5280,-5164,14.5,16.8,0,0,0,NA,NA
"72","1966","Q2",8.6,8.6,NA,NA,NA,NA,NA,NA,NA,NA,NA,NA,NA,NA,NA,NA,NA,NA,NA,-110,823,-872,77,-64,-7,0,-7,28,-102,75,42,5601,-5205,14.7,16.8,0,0,0,NA,NA
"73","1966","Q3",8.6,8.6,NA,NA,NA,NA,NA,NA,NA,NA,NA,NA,NA,NA,NA,NA,NA,NA,NA,-153,822,-917,84,-61,-5,0,-5,30,-111,121,37,5768,-5474,14.3,16.8,0,0,0,NA,NA
"74","1966","Q4",8.7,8.7,NA,NA,NA,NA,NA,NA,NA,NA,NA,NA,NA,NA,NA,NA,NA,NA,NA,-109,843,-887,81,-69,-5,0,-5,26,-103,146,-32,5795,-5388,14.5,16.5,0,0,0,NA,NA
"75","1967","Q1",8.8,8.8,NA,NA,NA,NA,NA,NA,NA,NA,NA,NA,NA,NA,NA,NA,NA,NA,NA,-138,891,-972,81,-64,-7,0,-7,32,-106,176,-31,6157,-5769,14.5,16.8,0,0,0,NA,NA
"76","1967","Q2",8.9,8.9,NA,NA,NA,NA,NA,NA,NA,NA,NA,NA,NA,NA,NA,NA,NA,NA,NA,-137,940,-994,85,-66,-6,0,-6,24,-126,82,61,6700,-5934,14,16.8,0,0,0,NA,NA
"77","1967","Q3",9,9,NA,NA,NA,NA,NA,NA,NA,NA,NA,NA,NA,NA,NA,NA,NA,NA,NA,-237,861,-1017,85,-73,-6,0,-6,26,-119,298,-55,6269,-5867,13.7,17.3,0,0,0,NA,NA
"78","1967","Q4",9,9,NA,NA,NA,NA,NA,NA,NA,NA,NA,NA,NA,NA,NA,NA,NA,NA,NA,-195,925,-1000,90,-74,-7,0,-7,22,-158,291,-89,6699,-5868,13.8,17,0,0,0,NA,NA
"79","1968","Q1",9.1,9.1,NA,NA,NA,NA,NA,NA,NA,NA,NA,NA,NA,NA,NA,NA,NA,NA,NA,-335,858,-1124,87,-56,-5,0,-5,28,-128,201,139,6116,-6633,14,16.9,0,0,0,NA,NA
"80","1968","Q2",9.1,9.1,NA,NA,NA,NA,NA,NA,NA,NA,NA,NA,NA,NA,NA,NA,NA,NA,NA,-247,942,-1083,89,-60,-5,0,-5,32,-167,350,-98,6509,-6428,14.5,16.8,0,0,0,NA,NA
"81","1968","Q3",9.2,9.2,NA,NA,NA,NA,NA,NA,NA,NA,NA,NA,NA,NA,NA,NA,NA,NA,NA,-316,902,-1127,114,-88,-6,0,-6,33,-150,294,28,6463,-6576,14,17.1,0,0,0,NA,NA
"82","1968","Q4",9.2,9.2,NA,NA,NA,NA,NA,NA,NA,NA,NA,NA,NA,NA,NA,NA,NA,NA,NA,-192,1004,-1077,115,-91,-7,0,-7,27,-170,203,-4,7471,-6392,13.4,16.8,0,0,0,NA,NA
"83","1969","Q1",9.4,9.4,NA,NA,NA,NA,NA,NA,NA,NA,NA,NA,NA,NA,NA,NA,NA,NA,NA,-144,967,-1043,112,-71,-5,0,-5,41,-150,177,-28,6483,-6226,14.9,16.8,0,0,0,NA,NA
"84","1969","Q2",9.4,9.4,NA,NA,NA,NA,NA,NA,NA,NA,NA,NA,NA,NA,NA,NA,NA,NA,NA,-202,1036,-1113,113,-92,-7,0,-7,38,-184,188,21,6844,-6457,15.1,17.2,0,0,0,NA,NA
"85","1969","Q3",9.5,9.5,NA,NA,NA,NA,NA,NA,NA,NA,NA,NA,NA,NA,NA,NA,NA,NA,NA,-148,1150,-1209,122,-95,-6,0,-6,29,-145,204,-50,7787,-6975,14.8,17.3,0,0,0,NA,NA
"86","1969","Q4",9.5,9.5,NA,NA,NA,NA,NA,NA,NA,NA,NA,NA,NA,NA,NA,NA,NA,NA,NA,-172,1173,-1208,121,-105,-9,0,-9,39,-192,179,2,7983,-6969,14.7,17.3,0,0,0,NA,NA
"87","1970","Q1",9.6,9.6,NA,NA,NA,NA,NA,NA,NA,NA,NA,NA,NA,NA,NA,NA,NA,NA,NA,-76,1228,-1187,127,-84,-6,0,-6,34,-194,235,-153,7882,-6810,15.6,17.4,0,0,0,NA,NA
"88","1970","Q2",9.7,9.7,NA,NA,NA,NA,NA,NA,NA,NA,NA,NA,NA,NA,NA,NA,NA,NA,NA,-158,1230,-1267,124,-96,-7,0,-7,46,-195,34,131,8086,-7035,15.2,18,0,0,0,NA,NA
"89","1970","Q3",9.8,9.8,NA,NA,NA,NA,NA,NA,NA,NA,NA,NA,NA,NA,NA,NA,NA,NA,NA,-164,1258,-1307,131,-115,-7,0,-7,39,-170,237,-66,8519,-7336,14.8,17.8,0,0,0,NA,NA
"90","1970","Q4",10,10,NA,NA,NA,NA,NA,NA,NA,NA,NA,NA,NA,NA,NA,NA,NA,NA,NA,-184,1258,-1282,131,-121,-8,0,-8,41,-211,194,-2,8873,-7118,14.2,18,0,0,0,NA,NA
"91","1971","Q1",10.1,10.1,NA,NA,NA,NA,NA,NA,NA,NA,NA,NA,NA,NA,NA,NA,NA,NA,NA,-169,1203,-1263,132,-97,-8,0,-8,40,-184,190,-13,8228,-6938,14.6,18.2,0,0,0,NA,NA
"92","1971","Q2",10.2,10.2,NA,NA,NA,NA,NA,NA,NA,NA,NA,NA,NA,NA,NA,NA,NA,NA,NA,-90,1384,-1362,134,-92,-6,0,-6,57,-211,175,-79,9188,-7250,15.1,18.8,0,0,0,NA,NA
"93","1971","Q3",10.5,10.5,NA,NA,NA,NA,NA,NA,NA,NA,NA,NA,NA,NA,NA,NA,NA,NA,NA,-100,1421,-1425,138,-115,-9,0,-9,60,-179,65,44,9252,-7179,15.4,19.9,0,0,0,NA,NA
"94","1971","Q4",10.7,10.7,NA,NA,NA,NA,NA,NA,NA,NA,NA,NA,NA,NA,NA,NA,NA,NA,NA,-182,1360,-1370,144,-120,-7,0,-7,59,-255,82,107,9445,-6737,14.4,20.3,0,0,0,NA,NA
"95","1972","Q1",10.8,10.8,NA,NA,NA,NA,NA,NA,NA,NA,NA,NA,NA,NA,NA,NA,NA,NA,NA,28,1410,-1303,144,-94,-8,0,-8,60,-189,-39,19,9361,-6408,15.1,20.3,0,0,0,NA,NA
"96","1972","Q2",10.9,10.9,NA,NA,NA,NA,NA,NA,NA,NA,NA,NA,NA,NA,NA,NA,NA,NA,NA,167,1513,-1227,145,-121,-10,0,-10,71,-214,-279,122,9356,-6034,16.2,20.3,0,0,0,NA,NA
"97","1972","Q3",11.1,11.1,NA,NA,NA,NA,NA,NA,NA,NA,NA,NA,NA,NA,NA,NA,NA,NA,NA,185,1564,-1270,148,-133,-10,0,-10,89,-213,-156,-19,9209,-6072,17,20.9,0,0,0,NA,NA
"98","1972","Q4",11.2,11.2,NA,NA,NA,NA,NA,NA,NA,NA,NA,NA,NA,NA,NA,NA,NA,NA,NA,230,1759,-1353,153,-159,-10,0,-10,95,-265,-365,145,10052,-6529,17.5,20.7,0,0,0,NA,NA
"99","1973","Q1",11.4,11.4,NA,NA,NA,NA,NA,NA,NA,NA,NA,NA,NA,NA,NA,NA,NA,NA,NA,314,1871,-1402,165,-106,-9,0,-9,104,-318,-30,-275,9783,-6895,19.1,20.3,0,0,0,NA,NA
"100","1973","Q2",11.8,11.8,NA,NA,NA,NA,NA,NA,NA,NA,NA,NA,NA,NA,NA,NA,NA,NA,NA,266,1846,-1456,154,-131,-13,0,-13,99,-246,-191,-62,9124,-7194,20.2,20.2,0,0,0,NA,NA
"101","1973","Q3",12.2,12.2,NA,NA,NA,NA,NA,NA,NA,NA,NA,NA,NA,NA,NA,NA,NA,NA,NA,24,1871,-1709,143,-135,-9,0,-9,120,-266,44,-59,9148,-8059,20.5,21.2,0,0,0,NA,NA
"102","1973","Q4",12.6,12.6,NA,NA,NA,NA,NA,NA,NA,NA,NA,NA,NA,NA,NA,NA,NA,NA,NA,-5,1988,-1822,147,-141,-7,0,-7,142,-319,49,-37,9348,-8438,21.3,21.6,0,0,0,NA,NA
"103","1974","Q1",13,13,NA,NA,NA,NA,NA,NA,NA,NA,NA,NA,NA,NA,NA,NA,NA,NA,NA,-213,1958,-2040,181,-142,-12,0,-12,144,-314,238,-13,8554,-8965,22.9,22.8,0,0,0,NA,NA
"104","1974","Q2",13.5,13.5,NA,NA,NA,NA,NA,NA,NA,NA,NA,NA,NA,NA,NA,NA,NA,NA,NA,-448,2108,-2393,182,-187,-16,0,-16,145,-303,468,-4,8811,-9326,23.9,25.7,0,0,0,NA,NA
"105","1974","Q3",14.2,14.2,NA,NA,NA,NA,31.2,7.3,21.4,NA,NA,NA,NA,NA,NA,NA,NA,NA,NA,-591,2341,-2804,156,-146,-9,0,-9,121,-259,666,-66,9578,-10530,24.4,26.6,0,0,0,NA,NA
"106","1974","Q4",14.7,14.7,NA,NA,NA,NA,30.8,8.3,22.5,NA,NA,NA,NA,NA,NA,NA,NA,NA,NA,-448,2553,-2789,167,-200,-17,0,-17,129,-308,333,132,9879,-9413,25.8,29.6,0,0,0,NA,NA
"107","1975","Q1",15.3,15.3,NA,NA,NA,NA,32,8.6,22.2,NA,NA,NA,NA,NA,NA,NA,NA,NA,NA,-41,2521,-2463,236,-181,-18,0,-18,103,-257,73,-14,9699,-8075,26,30.5,0,0,0,NA,NA
"108","1975","Q2",15.8,15.8,NA,NA,NA,NA,31.4,10.4,21.2,NA,NA,NA,NA,NA,NA,NA,NA,NA,NA,121,2745,-2427,235,-215,-20,0,-20,129,-346,248,-349,10213,-7665,26.9,31.7,0,0,0,NA,NA
"109","1975","Q3",15.9,15.9,NA,NA,NA,NA,29.7,10.9,22,NA,NA,NA,NA,NA,NA,NA,NA,NA,NA,-239,2663,-2625,199,-209,-11,0,-11,108,-375,402,-152,10102,-8290,26.4,31.7,0,0,0,NA,NA
"110","1975","Q4",16.8,16.8,NA,NA,NA,NA,30.3,11.2,22.4,NA,NA,NA,NA,NA,NA,NA,NA,NA,NA,-397,2690,-2671,200,-302,-26,0,-26,119,-433,571,-148,10036,-8259,26.8,32.3,0,0,0,NA,NA
"111","1976","Q1",17.3,17.3,NA,NA,NA,NA,31.3,11.3,23.3,NA,NA,NA,NA,NA,NA,NA,NA,NA,NA,-336,2809,-2890,204,-167,-18,0,-18,96,-388,300,54,10118,-8701,27.8,33.2,0,0,0,NA,NA
"112","1976","Q2",17.7,17.7,NA,NA,NA,NA,31.5,11.6,24.2,NA,NA,NA,NA,NA,NA,NA,NA,NA,NA,-159,3091,-2951,208,-182,-16,0,-16,106,-431,376,-201,10652,-8683,29,34,0,0,0,NA,NA
"113","1976","Q3",18.1,18.2,NA,NA,NA,NA,31.2,11.8,24.1,NA,NA,NA,NA,NA,NA,NA,NA,NA,NA,-297,3367,-3306,202,-219,-12,0,-12,112,-453,438,-129,11632,-9590,28.9,34.5,0,0,0,NA,NA
"114","1976","Q4",19.2,19.2,NA,NA,NA,NA,33.6,12.5,24.8,NA,NA,NA,NA,NA,NA,NA,NA,NA,NA,-447,3254,-3298,213,-250,-20,0,-20,121,-487,748,-281,11073,-9131,29.4,36.1,0,0,0,NA,NA
"115","1977","Q1",19.6,19.7,NA,NA,NA,NA,34.5,13.2,26.9,NA,NA,NA,NA,NA,NA,NA,NA,NA,NA,-729,3357,-3732,209,-253,-23,0,-23,115,-425,443,309,10380,-9377,32.3,39.8,0,0,0,NA,NA
"116","1977","Q2",20.1,20.1,NA,NA,NA,NA,33.9,13.8,27.8,NA,NA,NA,NA,NA,NA,NA,NA,NA,NA,-638,3491,-3739,220,-235,-20,0,-20,121,-496,690,-32,10745,-9064,32.5,41.3,0,0,0,NA,NA
"117","1977","Q3",20.5,20.5,NA,NA,NA,NA,32.8,13.9,27.3,NA,NA,NA,NA,NA,NA,NA,NA,NA,NA,-823,3492,-3850,230,-299,-19,0,-19,120,-516,1111,-269,10922,-9016,32,42.7,0,0,0,NA,NA
"118","1977","Q4",21,21,NA,NA,NA,NA,32.8,13.8,27.2,NA,NA,NA,NA,NA,NA,NA,NA,NA,NA,-236,3673,-3601,233,-173,-19,0,-19,131,-499,649,-394,11704,-8376,31.4,43,0,0,0,NA,NA
"119","1978","Q1",21.3,21.3,NA,NA,NA,NA,32.5,13.7,27.7,NA,NA,NA,NA,NA,NA,NA,NA,NA,NA,-846,3433,-3861,246,-328,-27,0,-27,120,-456,612,261,10838,-8981,31.7,43,0,0,0,NA,NA
"120","1978","Q2",21.7,21.7,NA,NA,NA,NA,33.2,13.6,28.6,NA,NA,NA,NA,NA,NA,NA,NA,NA,NA,-767,3697,-3996,251,-275,-24,0,-24,134,-578,592,199,11353,-9050,32.6,44.2,0,0,0,NA,NA
"121","1978","Q3",22.1,22.1,NA,NA,NA,NA,34.3,13.8,29.4,NA,NA,NA,NA,NA,NA,NA,NA,NA,NA,-1024,3690,-4318,232,-245,-18,0,-18,140,-523,1100,-58,11255,-9508,32.8,45.4,0,0,0,NA,NA
"122","1978","Q4",22.6,22.6,NA,NA,NA,NA,34.5,13.8,31.1,NA,NA,NA,NA,NA,NA,NA,NA,NA,NA,-972,4111,-4540,235,-294,-23,0,-23,152,-636,1029,-34,12077,-9667,34,47,0,0,0,NA,NA
"123","1979","Q1",23,23,NA,NA,NA,NA,35.1,14.1,33.7,NA,NA,NA,NA,NA,NA,NA,NA,NA,NA,-740,4338,-4535,252,-324,-33,0,-33,139,-610,734,39,12088,-9481,35.9,47.8,0,0,0,NA,NA
"124","1979","Q2",23.6,23.6,NA,NA,NA,NA,38.6,14.9,37.2,NA,NA,NA,NA,NA,NA,NA,NA,NA,NA,-525,4829,-4818,254,-287,-32,0,-32,179,-682,493,64,12577,-9624,38.4,50.1,0,0,0,NA,NA
"125","1979","Q3",24.2,24.2,NA,NA,NA,NA,39.9,14.9,38.4,NA,NA,NA,NA,NA,NA,NA,NA,NA,NA,-492,4892,-4856,255,-237,-18,0,-18,168,-714,954,-444,12090,-9270,40.5,52.4,0,0,0,NA,NA
"126","1979","Q4",24.9,24.9,NA,NA,NA,NA,42.1,15.3,40.9,NA,NA,NA,NA,NA,NA,NA,NA,NA,NA,-235,5772,-5295,266,-342,-34,0,-34,187,-823,361,-92,13714,-9765,42.1,54.2,0,0,0,NA,NA
"127","1980","Q1",25.4,25.5,NA,NA,NA,NA,44.6,15.7,44.3,NA,NA,NA,NA,NA,NA,NA,NA,NA,NA,-518,5725,-5707,297,-298,-35,0,-35,184,-719,-12,565,12901,-9973,44.4,57.2,0,0,0,NA,NA
"128","1980","Q2",26.2,26.2,NA,NA,NA,NA,46.1,16.4,42.7,NA,NA,NA,NA,NA,NA,NA,NA,NA,NA,-483,5704,-5527,288,-300,-33,0,-33,260,-908,839,-323,12685,-9311,45,59.4,0,0,0,NA,NA
"129","1980","Q3",26.6,26.6,NA,NA,NA,NA,45.6,16.1,43.2,NA,NA,NA,NA,NA,NA,NA,NA,NA,NA,-1216,5490,-6207,292,-289,-22,0,-22,188,-690,1457,-219,11839,-10389,46.4,59.7,0,0,0,NA,NA
"130","1980","Q4",27.2,27.2,NA,NA,NA,NA,45.9,16.3,44.3,NA,NA,NA,NA,NA,NA,NA,NA,NA,NA,-1173,5769,-6251,312,-378,-34,0,-34,227,-852,939,268,12581,-10395,45.9,60.1,0,0,0,NA,NA
"131","1981","Q1",27.8,27.8,NA,NA,NA,NA,48.5,16.3,43.6,NA,NA,NA,NA,NA,NA,NA,NA,NA,NA,-1487,5481,-6364,306,-379,-46,0,-46,208,-739,1103,430,11801,-10449,46.4,60.9,0,0,0,NA,NA
"132","1981","Q2",28.4,28.5,NA,NA,NA,NA,48.4,17.5,42.8,NA,NA,NA,NA,NA,NA,NA,NA,NA,NA,-1398,5942,-6647,318,-323,-34,0,-34,276,-964,1130,302,12673,-10709,46.9,62.1,0,0,0,NA,NA
"133","1981","Q3",29,29,NA,NA,NA,NA,48.2,18.1,41.9,NA,51.5,NA,NA,NA,NA,NA,NA,NA,NA,-1974,5647,-7131,323,-289,-26,0,-26,213,-737,1633,367,11912,-11561,47.4,61.7,0,0,0,NA,NA
"134","1981","Q4",30.2,30.2,NA,NA,NA,NA,47.4,18.5,41.3,NA,51.6,NA,NA,NA,NA,NA,NA,NA,NA,-2102,5594,-7042,342,-312,-32,0,-32,200,-884,2757,-623,11912,-11345,47,62.1,0,0,0,NA,NA
"135","1982","Q1",30.8,30.8,NA,NA,NA,NA,47,19.1,41.3,NA,53.1,NA,NA,NA,NA,NA,NA,NA,NA,-2273,5993,-7597,356,-439,-56,0,-56,191,-777,1871,458,12682,-11905,47.3,63.8,0,0,0,NA,NA
"136","1982","Q2",31.5,31.5,NA,NA,NA,NA,48.3,20.6,41.9,NA,54.6,NA,NA,NA,NA,NA,NA,NA,NA,-2156,6540,-7785,352,-422,-49,0,-49,267,-1108,2245,-40,13543,-11982,48.3,65,0,0,0,NA,NA
"137","1982","Q3",32.6,32.6,NA,NA,NA,NA,48.1,22.3,42.4,NA,56.1,NA,NA,NA,NA,NA,NA,NA,NA,-1846,6394,-7855,336,-324,-31,0,-31,315,-712,2376,-499,13022,-11740,49.1,66.9,0,0,0,NA,NA
"138","1982","Q4",33.6,33.6,NA,NA,NA,NA,48,22.9,43.2,NA,57.4,NA,NA,NA,NA,NA,NA,NA,NA,-1344,6743,-7441,346,-428,-38,0,-38,278,-842,1229,153,13293,-10823,50.7,68.8,0,0,0,NA,NA
"139","1983","Q1",34.3,34.3,NA,NA,NA,NA,49.2,23,43.6,NA,58.2,NA,NA,NA,NA,NA,NA,NA,NA,-1694,5920,-6975,397,-462,-57,0,-57,356,-930,1977,-226,11569,-10160,51.2,68.7,0,0,0,NA,NA
"140","1983","Q2",35,35,NA,NA,NA,NA,52.2,22.6,46.9,NA,61,62,28.3,66.4,NA,NA,NA,NA,NA,-1399,6652,-7282,402,-427,-58,0,-58,345,-1089,868,589,12426,-10122,53.5,71.9,0,0,0,NA,NA
"141","1983","Q3",35.6,35.6,NA,NA,NA,NA,53.3,21.8,47.4,NA,61,62.6,27.8,66.5,NA,NA,NA,NA,NA,-2106,6659,-7766,353,-350,-34,0,-34,362,-1364,1731,409,12320,-10838,54.1,71.7,0,0,0,NA,NA
"142","1983","Q4",36.5,36.5,NA,NA,NA,NA,53.1,21.3,46.1,NA,60,62.9,27,65.5,NA,NA,NA,NA,NA,-1205,7437,-7515,364,-366,-41,0,-41,391,-1516,673,573,13912,-10734,53.5,70,0,0,0,NA,NA
"143","1984","Q1",36.3,36.3,NA,NA,NA,NA,52.7,21,45.8,NA,59.6,65,26.9,64.9,NA,NA,NA,NA,NA,-2010,7108,-8108,459,-437,-59,0,-59,418,-1450,1416,653,13370,-11613,53.2,69.8,0,0,0,NA,NA
"144","1984","Q2",36.4,36.4,NA,NA,NA,NA,53.1,20.5,46.4,NA,60.4,66,27,65.9,NA,NA,NA,NA,NA,-1860,7766,-8629,377,-435,-62,0,-62,571,-1510,1922,0,14547,-12224,53.4,70.6,0,0,0,NA,NA
"145","1984","Q3",36.9,36.9,NA,NA,NA,NA,54.4,21.4,47.9,NA,63.2,69.3,28.4,68.9,NA,NA,NA,NA,NA,-2884,8385,-10258,382,-306,-23,0,-23,462,-1549,2949,-42,14962,-13994,56,73.3,0,0,0,NA,NA
"146","1984","Q4",37.4,37.4,NA,NA,NA,NA,54.5,21.3,47.3,NA,63.1,69.3,28.7,68.6,NA,NA,NA,NA,NA,-2744,8428,-9565,392,-459,-63,0,-63,454,-1994,2136,671,15424,-13295,54.6,71.9,0,0,0,NA,NA
"147","1985","Q1",37.9,37.9,NA,NA,NA,NA,56.7,23.3,49,NA,66,70,30.1,71.8,NA,NA,NA,NA,NA,-2251,8837,-9614,456,-498,-62,0,-62,428,-1860,2802,-489,15462,-12680,57.2,75.8,0,0,0,NA,NA
"148","1985","Q2",38.8,38.8,NA,NA,NA,NA,62,25.9,53.1,NA,74.3,78.1,33.6,81,NA,NA,NA,NA,NA,-2709,10198,-11226,444,-477,-67,0,-67,485,-2133,4090,-1314,16660,-12997,61.2,86.4,0,0,0,NA,NA
"149","1985","Q3",39.7,39.7,NA,NA,NA,NA,60.4,25.2,52.4,NA,74.7,79.9,34.9,81.2,NA,NA,NA,NA,NA,-4052,9612,-12223,442,-333,-29,0,-29,599,-2149,3817,264,15739,-14007,61.1,87.3,0,0,0,NA,NA
"150","1985","Q4",40.5,40.5,NA,NA,NA,NA,57.4,25.5,52.3,NA,77.3,76.7,35,84.3,NA,NA,NA,NA,NA,-3375,10300,-11985,469,-484,-46,0,-46,617,-2292,3349,72,16965,-13233,60.7,90.6,0,0,0,NA,NA
"151","1986","Q1",41.4,41.4,NA,NA,NA,NA,56.9,25,51.7,NA,77,87,25.4,86,NA,NA,NA,NA,NA,-3641,9502,-11392,477,-501,-61,0,-61,583,-2310,5318,-1616,15733,-12574,60.4,90.6,0,0,0,NA,NA
"152","1986","Q2",42.1,42.1,NA,NA,NA,NA,56.4,24.7,50.7,NA,74.2,97.6,16.5,84.6,NA,NA,NA,NA,NA,-3617,9645,-11452,506,-593,-81,0,-81,494,-2217,3633,65,16438,-13028,58.7,87.9,0,0,0,NA,NA
"153","1986","Q3",43.2,43.2,NA,NA,NA,NA,57,27.3,53.7,NA,83.7,102.2,18.3,95.5,NA,NA,NA,NA,NA,-3700,10414,-12594,558,-365,-26,0,-26,738,-2451,3983,-257,16749,-12903,62.2,97.6,0,0,0,NA,NA
"154","1986","Q4",44.4,44.4,44.4,NA,NA,NA,55.6,26.2,55.2,NA,84.5,100.9,20.7,96,NA,NA,NA,NA,NA,-2797,11537,-12478,589,-492,-45,0,-45,642,-2595,2863,-21,18599,-12751,62,97.9,0,0,0,NA,NA
"155","1987","Q1",45.3,45.3,45.3,NA,NA,NA,55.6,25.8,55.1,NA,84.9,97.8,22.7,96.1,NA,NA,NA,NA,NA,-2832,10772,-11643,595,-481,-60,0,-60,733,-2808,4326,-1434,17297,-11887,62.3,97.9,0,0,0,NA,NA
"156","1987","Q2",46,46,46.1,NA,NA,NA,60.6,23.6,55.4,NA,83.5,86.6,22.2,94.6,NA,NA,NA,NA,NA,-2346,11541,-12119,580,-512,-65,0,-65,937,-2773,2118,293,18732,-12802,61.6,94.7,0,0,0,NA,NA
"157","1987","Q3",46.8,46.8,46.8,NA,NA,NA,64.6,23.1,56.8,NA,83.4,77.7,22.2,94.6,NA,NA,NA,NA,NA,-3028,11766,-13094,590,-357,-25,0,-25,1017,-2950,2873,180,18675,-13840,63,94.6,0,0,0,NA,NA
"158","1987","Q4",47.6,47.6,47.6,NA,NA,NA,69.2,23.4,59.2,NA,86.8,77.4,21.9,98.8,NA,NA,NA,NA,NA,-2236,13591,-13754,586,-458,-47,0,-47,1069,-3270,3073,-790,20618,-14017,65.9,98.1,0,0,0,NA,NA
"159","1988","Q1",48.4,48.5,48.4,NA,NA,NA,77.6,23.5,62.4,NA,87.2,76,20.2,99.9,NA,NA,NA,NA,NA,-2370,13689,-13632,599,-562,-55,16,-71,985,-3449,2531,-106,19747,-13892,69.3,98.1,0,0,0,NA,NA
"160","1988","Q2",49.3,49.3,49.3,NA,NA,NA,89.7,22.2,63.4,NA,84.1,73.2,18.6,96.4,NA,NA,NA,NA,NA,-2967,12734,-13440,659,-575,569,640,-71,1011,-3356,2544,-146,18369,-14245,69.3,94.3,0,0,0,NA,NA
"161","1988","Q3",50.2,50.2,50.3,NA,NA,NA,86.1,22.2,63.9,NA,80.4,71.1,16.8,92.3,NA,NA,NA,NA,NA,-4033,13025,-14555,665,-456,-32,0,-32,1230,-3942,4473,-408,18712,-16207,69.6,89.8,-90433,224970,134538,NA,NA
"162","1988","Q4",51.2,51.2,51.2,NA,NA,NA,84,22,62.7,NA,79,65.7,14.7,91.3,NA,NA,NA,NA,NA,-4022,14102,-15485,677,-491,-54,0,-54,1251,-4076,3608,468,20330,-17441,69.4,88.8,-93101,229317,136216,NA,NA
"163","1989","Q1",51.7,51.7,51.7,NA,NA,NA,81.2,22.2,64.8,NA,78,66.1,17,89.4,NA,NA,NA,NA,NA,-5014,13503,-15413,717,-603,-68,0,-68,1326,-4544,5231,-148,18979,-17731,71.1,86.9,-96995,237618,140622,NA,NA
"164","1989","Q2",53,53,53.1,NA,NA,NA,82,25.7,69.2,NA,82.3,70.5,19.9,93.9,NA,NA,NA,NA,NA,-5467,15045,-16961,740,-630,-80,0,-80,1370,-5031,5072,475,20191,-18547,74.5,91.4,-102859,253694,150836,NA,NA
"165","1989","Q3",54.2,54.2,54.3,NA,NA,NA,81.2,27.1,68.9,NA,84.1,68.8,19.9,96.2,NA,NA,NA,NA,NA,-6862,14874,-18436,769,-559,-51,0,-51,1343,-4852,6621,292,19862,-19749,74.9,93.4,-106377,264234,157857,NA,NA
"166","1989","Q4",55.2,55.2,55.2,NA,NA,NA,79.9,26.7,66.9,NA,83.1,60.9,19.7,95.1,NA,NA,NA,NA,NA,-6034,15187,-17321,737,-598,-44,0,-44,1358,-5397,5584,494,20568,-18725,73.8,92.5,-108247,273569,165322,NA,NA
"167","1990","Q1",56.2,56.2,56.1,NA,NA,NA,80.8,27.1,67.3,NA,84.5,58.6,21.4,96.4,NA,NA,NA,NA,NA,-6204,15388,-17104,839,-909,-57,0,-57,1391,-5810,5846,416,20533,-18228,74.9,93.8,-114064,286862,172799,NA,NA
"168","1990","Q2",57.1,57.1,57.1,NA,NA,NA,80,29.5,68.5,NA,83.7,60.7,19.2,96,NA,NA,NA,NA,NA,-4265,15721,-16092,956,-746,-79,0,-79,1524,-5627,3888,456,20902,-17151,75.2,93.8,-113331,287743,174412,NA,NA
"169","1990","Q3",57.5,57.5,57.6,NA,NA,NA,68.9,29,67.4,49.7,83.2,59.4,22.1,94.8,NA,NA,NA,NA,NA,-4776,15914,-17438,1008,-648,-41,111,-152,1389,-5001,4530,287,21633,-18817,73.6,92.7,-112426,292630,180204,NA,NA
"170","1990","Q4",59,59,59,NA,NA,NA,64.9,29.9,68.7,50.3,88.9,60.4,31.6,99.6,NA,NA,NA,NA,NA,-4842,17128,-17403,848,-703,-44,3,-47,1316,-6028,4758,129,22806,-17574,75.1,99,-118801,304541,185740,NA,NA
"171","1991","Q1",58.9,58.9,58.9,NA,NA,NA,61.8,29.6,65.4,48.4,88.2,61.2,22.7,100.7,NA,NA,NA,NA,NA,-3950,16494,-16268,865,-833,-34,0,-34,1255,-5463,3529,455,22517,-16508,73.3,98.5,-120001,310009,190008,NA,NA
"172","1991","Q2",59,59,59.1,NA,NA,NA,52.7,29.4,62.3,45.8,85.5,62,20.4,97.9,NA,NA,NA,NA,NA,-3115,17035,-16012,852,-761,-86,4,-90,1345,-5574,3432,-230,24123,-16734,70.6,95.7,-115583,309330,193747,NA,NA
"173","1991","Q3",59.3,59.4,59.5,NA,NA,NA,57.4,28.4,61.3,45.6,84.8,61.7,20.9,97,NA,NA,NA,NA,NA,-3897,17214,-17398,877,-662,-35,0,-35,1337,-5265,3652,280,24544,-18382,70.1,94.6,-116648,312324,195676,NA,NA
"174","1991","Q4",59.9,59.9,59.9,NA,NA,NA,54.2,28.4,60.7,44.8,85.3,61.7,22.1,97.4,NA,NA,NA,NA,NA,-2769,18102,-17656,871,-802,-53,0,-53,1304,-4588,3037,-215,25848,-18433,70,95.8,-126983,328986,202003,NA,NA
"175","1992","Q1",59.9,59.9,59.9,NA,NA,NA,60.3,29.1,61,46.2,87.3,62.2,20.5,99.8,NA,NA,NA,NA,NA,-3113,17239,-16801,862,-924,-33,0,-33,1221,-4710,2671,474,23989,-17226,71.9,97.5,-123348,327600,204252,NA,NA
"176","1992","Q2",59.7,59.8,59.8,NA,NA,NA,62.6,28.4,61.3,46.4,86.9,62.6,21.1,99.2,NA,NA,NA,NA,NA,-3142,17956,-17505,879,-883,-113,0,-113,1227,-4816,3181,74,25310,-18028,70.9,97.1,-130266,339202,208936,NA,NA
"177","1992","Q3",59.8,59.8,59.9,NA,NA,NA,61.3,29.5,63.4,47.6,91.1,61.7,23.3,103.9,NA,NA,NA,NA,NA,-4778,18748,-20090,943,-798,-47,0,-47,1536,-5118,4887,-61,25835,-19845,72.6,101.2,-135653,346827,211174,NA,NA
"178","1992","Q4",60.1,60.1,60.1,NA,NA,NA,61.1,30.4,64.1,48.2,93.9,62.4,23.4,107,NA,NA,NA,NA,NA,-3151,20434,-20525,963,-906,-50,0,-50,1625,-4742,2761,440,27879,-19752,73.3,103.9,-138663,353406,214743,NA,NA
"179","1993","Q1",60.6,60.6,60.6,NA,NA,NA,61.3,30.5,64.3,48.3,94.9,64.5,22.2,108.2,NA,NA,NA,NA,NA,-3102,19134,-18989,934,-1018,-62,1,-63,1461,-4624,2683,481,26071,-18312,73.4,103.7,-142041,357654,215613,NA,NA
"180","1993","Q2",60.8,60.9,60.9,NA,NA,NA,56.6,28.9,64.2,46.9,95.8,66.8,22.2,109.2,NA,NA,NA,NA,NA,-3210,19600,-19735,975,-1045,-153,1,-154,1787,-4791,3444,-82,27293,-18913,71.8,104.3,-151351,375124,223773,NA,NA
"181","1993","Q3",61.1,61.1,61.2,NA,NA,NA,57.8,29.2,66,48,98.6,66.9,21,112.6,NA,NA,NA,NA,NA,-4573,20655,-22442,950,-735,-41,0,-41,1716,-4717,4432,182,28148,-20961,73.4,107.1,-160293,396954,236660,NA,NA
"182","1993","Q4",61.2,61.3,61.2,NA,NA,NA,57.9,29.1,65.4,47.7,99,66.8,20.6,113.1,NA,NA,NA,NA,NA,-3075,21965,-21981,975,-906,-42,0,-42,1689,-4818,3365,-247,30076,-20496,73,107.2,-163178,407658,244479,NA,NA
"183","1994","Q1",61.5,61.5,61.5,NA,NA,NA,57.7,27.4,63.5,46.2,95.1,66.3,18.3,108.9,NA,NA,NA,NA,NA,-3075,20286,-20436,961,-1043,-54,0,-54,1697,-4541,2618,511,28907,-20030,70.2,102,-163891,405698,241807,NA,NA
"184","1994","Q2",61.9,61.9,62,NA,NA,NA,59,25.9,63.9,45.8,94.7,67.1,18.6,108.4,NA,NA,NA,NA,NA,-4882,20955,-21403,974,-1080,-171,0,-171,1657,-5985,5178,-125,30108,-21098,69.6,101.4,-176358,415866,239508,NA,NA
"185","1994","Q3",62.3,62.3,62.3,NA,NA,NA,62.4,25.4,64.2,46.2,95.1,73,20.4,108.2,NA,NA,NA,NA,NA,-7892,20912,-24652,937,-949,-36,0,-36,1844,-5984,8198,-269,29917,-24293,69.9,101.5,-175780,421790,246011,NA,NA
"186","1994","Q4",62.8,62.8,62.9,NA,NA,NA,65.7,25.2,65.9,47.3,94.1,90.2,19.6,106.8,NA,NA,NA,NA,NA,-6128,22604,-24540,943,-818,-60,0,-60,2095,-6413,6169,19,31779,-24626,71.1,99.7,-170451,418382,247930,NA,NA
"187","1995","Q1",63.8,63.9,63.9,NA,NA,NA,68.5,25.9,68.3,48.9,95.3,92.9,20.2,107.9,NA,NA,NA,NA,NA,-6775,22002,-23995,990,-1028,-55,0,-55,1500,-6245,7063,-233,30081,-23473,73.1,102.2,-186674,435167,248494,NA,NA
"188","1995","Q2",64.7,64.7,64.7,NA,NA,NA,71.9,27.6,69.9,50.9,100.4,96.5,21.9,113.4,NA,NA,NA,NA,NA,-6047,23093,-25156,1003,-1114,-199,0,-199,2239,-6113,6340,-94,30636,-23689,75.4,106.2,-194064,453309,259246,NA,NA
"189","1995","Q3",65.5,65.5,65.5,NA,NA,NA,71.6,27.7,68.5,50.3,99.4,91,20.4,112.3,NA,NA,NA,NA,NA,-6619,24349,-26665,1045,-831,-85,0,-85,2272,-6789,6645,59,32532,-25387,74.8,105,-191163,460110,268947,18677368.576,NA
"190","1995","Q4",66,66,66,NA,NA,NA,67.4,27.7,66.8,49,97.3,85.7,20.4,110,NA,NA,NA,NA,NA,-6057,25214,-25935,1017,-906,-68,0,-68,1944,-7391,5375,751,33882,-25125,74.4,103.2,-199656,473274,273619,19094673.697,NA
"191","1996","Q1",66.2,66.3,66.3,NA,NA,NA,68.4,27.7,67.1,49.2,96.2,83.3,21.7,108.5,NA,NA,NA,NA,NA,-4657,25062,-24925,1070,-986,-62,0,-62,2057,-6935,4151,568,33435,-24495,75,101.8,-199775,475819,276044,18939376.916,NA
"192","1996","Q2",66.7,66.7,66.7,NA,NA,NA,66.6,27.4,64.2,47.7,92.6,79.3,21.3,104.5,NA,NA,NA,NA,NA,-3350,25298,-24793,1046,-1050,-153,0,-153,2328,-6179,3287,215,34756,-25576,72.8,96.9,-204281,482952,278672,19293212.05,NA
"193","1996","Q3",66.9,66.9,66.9,NA,NA,NA,68.2,27.6,63,47.4,91.7,77.7,22,103.3,NA,NA,NA,NA,NA,-6222,25102,-26460,1451,-1203,-58,0,-58,2273,-7385,5843,437,34883,-27537,72,96.1,-214980,494820,279839,18983261.43,NA
"194","1996","Q4",67,67,67.1,NA,NA,NA,63.5,27.5,62.4,46.5,91,76.4,23.9,102.3,NA,NA,NA,NA,NA,-4540,26499,-26605,1432,-1216,-57,0,-57,2528,-7178,4687,-90,37133,-27971,71.4,95.1,-223022,510860,287838,19767240.608,NA
"195","1997","Q1",67.1,67.1,67.1,NA,NA,NA,62.8,28.3,62.8,47,90.9,79.6,24.4,102.1,NA,NA,NA,NA,NA,-3499,25643,-25019,1421,-1455,-50,0,-50,2477,-6566,3697,-148,36049,-26310,71.1,95.1,-233090,515499,282409,19077072.823,NA
"196","1997","Q2",66.9,66.9,66.9,NA,NA,NA,65,28.6,63.4,47.7,90.5,84.9,22.2,101.7,NA,NA,NA,NA,NA,-2542,29232,-26866,1466,-1538,-127,0,-127,2354,-7189,2559,109,41189,-28718,71,93.5,-242538,536610,294072,21104289.969,NA
"197","1997","Q3",66.6,66.7,66.7,NA,NA,NA,68.2,29.5,64.5,48.9,92.9,98.6,22.2,104.3,66.7,66.6,66.7,0,0,-5378,28821,-29670,1477,-1310,-46,0,-46,2564,-7260,5748,-324,39876,-31092,72.3,95.4,-270297,559941,289644,21522881.849,NA
"198","1997","Q4",66.8,66.8,66.9,NA,NA,NA,69.2,31,66.6,50.6,96.7,98.7,24.6,108.4,67.3,67.2,67.2,0,0,-5237,29988,-30273,1483,-1250,-66,0,-66,3440,-8625,5356,-53,40219,-30569,74.6,99,-289354,578665,289311,23085549.481,NA
"199","1998","Q1",67,67,67,NA,NA,NA,68,31.4,66.8,50.7,97.8,95.9,20.8,110.3,67.8,67.8,67.8,0,0,-6782,27100,-29438,1500,-1543,-63,0,-63,2383,-6783,6391,453,36763,-29542,73.7,99.6,-295181,595634,300453,20286712.385,NA
"200","1998","Q2",67.4,67.4,67.4,NA,NA,NA,67.5,32.6,67.6,51.5,99.3,92.2,20.6,112.2,68.2,68.3,68.3,0,0,-6020,29332,-31031,1547,-1585,-106,0,-106,3072,-7355,5937,190,39232,-30659,74.8,101.2,-315107,615860,300754,22872406.824,NA
"201","1998","Q3",67.5,67.6,67.6,NA,NA,NA,65.5,33.9,68.3,52,103,90.3,21.1,116.2,68.9,68.8,68.8,64.1,71.3,-9711,29709,-34123,1518,-1463,-83,0,-83,2824,-8175,9009,785,39852,-32676,74.5,104.4,-312575,630901,318327,22830012.756,NA
"202","1998","Q4",67.8,67.9,67.9,NA,NA,NA,58.4,32.5,66.1,49.4,102,87.6,20.9,115,69.3,69.3,69.4,63.2,70.9,-7235,30057,-33005,1530,-1418,-75,0,-75,2775,-7174,6949,361,41677,-32227,72.1,102.4,-331650,653396,321746,22995836.545,NA
"203","1999","Q1",67.8,67.8,67.8,NA,NA,NA,57.4,30.7,63.5,47.5,99.8,83.4,18.7,112.8,70,69.9,69.9,62.7,70.7,-8378,26891,-30544,1609,-1508,-82,0,-82,2739,-7564,7729,731,38082,-30819,70.6,99.1,-341485,665688,324203,19872586.302,NA
"204","1999","Q2",68.1,68.1,68.1,NA,NA,NA,56.4,29.3,62.2,46.2,97.2,79.5,23.9,108.9,70.3,70.4,70.4,62.4,70.9,-9068,27101,-31260,1561,-1654,-127,0,-127,2841,-7657,8668,527,39468,-32370,68.7,96.6,-344204,670571,326368,20293053.119,NA
"205","1999","Q3",68.7,68.7,68.7,NA,NA,NA,56,29.2,63.8,46.7,97.1,76,27.9,108.1,71,70.9,70.9,63,71.5,-10269,29281,-34856,1563,-1345,-69,0,-69,3283,-8195,10474,-137,42138,-36109,69.5,96.5,-345536,685963,340427,21895479.631,NA
"206","1999","Q4",69.1,69.1,69.1,NA,NA,NA,58.2,30.4,67.2,49,99.2,72.6,31.8,110.2,71.4,71.4,71.4,64.1,72.1,-7225,32604,-35743,1562,-1409,-90,0,-90,3818,-8056,6647,668,45141,-36324,72.2,98.4,-390962,730587,339624,24832026.253,NA
"207","2000","Q1",69.7,69.7,69.7,NA,NA,NA,57.5,31.8,71.3,51.1,100.7,75.3,35.9,111.2,71.9,71.8,71.9,65.3,73.1,-7660,31885,-34357,1554,-1693,-133,0,-133,3903,-8953,7225,569,42815,-34850,74.5,98.6,-440799,767663,326864,23876394.717,NA
"208","2000","Q2",70.2,70.3,70.2,NA,NA,NA,62.2,33.5,75.6,54.3,106.2,74.8,40.3,117,72.3,72.5,72.5,67.1,74.4,-8288,34724,-37817,1551,-1856,-202,0,-202,4128,-9019,7572,918,44721,-36241,77.6,104.3,-449045,783481,334436,26682229.06,NA
"209","2000","Q3",72.9,72.9,72.9,NA,NA,NA,64.6,34.6,75.2,54.8,107.6,73.5,46.1,117.5,73.2,73.1,73.1,67.6,74.8,-6633,38528,-40119,1476,-1316,-103,0,-103,4234,-9436,6326,409,48457,-38115,79.5,105.3,-484517,827084,342567,28519778.711,30323909.961
"210","2000","Q4",73.1,73.1,73.1,NA,NA,NA,68.9,38.3,79.8,58.8,114.8,76.2,54.3,124.3,73.8,73.8,73.8,69.5,75.9,-5101,40257,-41055,1450,-1464,-101,0,-101,4689,-8978,4485,717,48003,-36794,83.9,111.6,-462263,823993,361729,31275679.024,31410117.418
"211","2001","Q1",73.9,73.9,73.9,NA,NA,NA,70.7,37.6,79.3,58.6,111.4,73.2,41.8,122.8,74.6,74.5,74.5,69.4,75.8,-4187,37533,-36540,1523,-1605,-139,0,-139,4523,-9621,3413,913,45643,-33255,82.2,109.9,-505009,881625,376616,28121087.392,27519382.955
"212","2001","Q2",74.5,74.5,74.5,NA,NA,NA,73.5,40.6,81.6,61.4,116.3,76.7,45,127.9,75,75.2,75.1,70.8,77,-3663,40388,-38384,1514,-1979,-159,0,-159,4308,-9510,3138,683,47820,-33961,84.5,113,-516419,888811,372392,31622559.855,29063722.896
"213","2001","Q3",74.7,74.7,74.7,NA,NA,NA,74,40.1,80.5,60.8,113.3,74.9,45.2,124.2,75.8,75.7,75.7,70.5,76.8,-4108,40648,-39702,1435,-1143,-56,1,-57,4263,-9609,3633,531,48258,-35683,84.2,111.3,-529249,889278,360029,31681731.54,30024237.736
"214","2001","Q4",75.4,75.4,75.4,NA,NA,NA,74.1,38.8,79.6,59.8,113.1,75,38.6,125.5,76.4,76.3,76.3,70.5,77.2,-4818,39889,-40208,1413,-1269,-54,5,-59,4319,-8962,4756,115,47708,-36341,83.6,110.6,-562108,912644,350536,31104908.063,31138712.741
"215","2002","Q1",76.1,76.1,76.1,NA,52.1,NA,75.8,37.8,79,59.4,109.6,75.2,33,122.6,76.9,76.9,76.9,70.5,77.3,-4620,37730,-37221,1400,-1394,-85,1,-86,4562,-9697,4591,115,45470,-34653,83,107.4,-561634,912048,350414,28712720.811,28572540.199
"216","2002","Q2",76.6,76.6,76.6,NA,55.2,NA,73.6,36.9,77.5,58.1,107.6,75.1,39.8,118.8,77.4,77.5,77.5,70.4,77.5,-6719,38426,-39623,1405,-1548,-168,1,-169,4314,-9693,6519,368,47446,-37366,81,106,-553191,925890,372698,29609061.427,29913249.742
"217","2002","Q3",77.1,77.1,77.2,NA,57.5,NA,72.5,37.6,76.9,58,107.7,79.4,40.3,118.7,78.3,78.2,78.2,70.6,77.8,-9030,39495,-42717,1428,-1254,-78,3,-81,4324,-10305,9003,104,48419,-39980,81.6,106.8,-550830,941088,390258,30315835.761,33511923.113
"218","2002","Q4",77.6,77.7,77.7,NA,59.6,NA,76.7,37.5,76.2,58.2,108,82.9,44.3,118.1,78.9,78.9,78.9,71,78.2,-9716,40814,-45498,1434,-1398,-82,3,-85,4651,-9719,9200,598,49768,-42743,82,106.4,-576687,975908,399221,30819955.715,35668497.882
"219","2003","Q1",78.6,78.7,78.7,NA,61.2,NA,79,36.6,75.6,57.8,106,81.7,47.3,115,79.7,79.7,79.6,71.2,78.8,-9353,37463,-40841,1390,-1559,-94,3,-97,4585,-10390,9187,260,46053,-39067,81.3,104.5,-555919,965889,409971,27851000.411,31912327.391
"220","2003","Q2",78.6,78.7,78.6,NA,64.5,NA,70.9,33.9,71.8,54,100.7,78.6,40.4,110.3,80.1,80.3,80.3,69.8,78.5,-11235,35172,-40756,1399,-1326,-75,5,-80,4651,-10375,10948,362,45582,-41263,77.2,98.8,-571996,993875,421879,26492652.187,32036722.326
"221","2003","Q3",79.1,79.1,79.1,71.8,68.3,69,67.3,32.7,70.4,52.4,97.2,74.7,37.5,106.8,81.1,81,81.1,69.4,79,-12543,36042,-42820,1393,-1088,-42,10,-52,4366,-10437,12212,373,47225,-44677,76.3,95.8,-601732,1024647,422915,26639579.357,32923411.637
"222","2003","Q4",79.5,79.5,79.6,73.4,71.1,71.6,63.7,31.1,69,50.8,94.4,73.9,37.1,103.5,81.9,81.8,81.8,69,79,-11544,37250,-43287,1310,-1029,-33,30,-63,4816,-10604,11480,97,49397,-46770,75.4,92.6,-630234,1069234,439000,26973086.833,33110708.642
"223","2004","Q1",80.2,80.3,80.2,72.6,70.9,71.3,61.7,30,70.7,50.8,90.5,77.3,35,99.3,82.5,82.5,82.5,69.2,79.5,-11557,35194,-40533,1459,-1426,-107,12,-119,5019,-11270,11637,26,46631,-45399,75.5,89.3,-655203,1103391,448187,25501819.204,30791013.877
"224","2004","Q2",80.6,80.6,80.6,72.6,70.1,70.6,63.9,35.8,74.1,55.1,94.2,79.6,41.4,102.5,82.9,83.1,83.2,71.3,80.4,-11782,39641,-44857,1343,-1441,-65,1,-66,5465,-11933,11392,456,49017,-48218,80.9,93,-691711,1148777,457066,29934878.929,34171557.53
"225","2004","Q3",80.9,81,80.9,72.7,70.1,70.6,65.9,40,77.9,58.9,96.7,81.5,46.5,104.6,84,83.9,83.9,73.4,81.5,-16603,41021,-48692,1302,-1463,-33,0,-33,5698,-14469,15947,690,49250,-51280,83.3,95,-686165,1163243,477078,30934057.672,37782043.989
"226","2004","Q4",81.5,81.6,81.7,73.9,71.3,71.8,62.2,39.8,76.9,58,94.8,83.6,50.1,102,84.8,84.8,84.8,73.7,82.4,-16789,42047,-50014,1329,-1540,-24,NA,NA,6253,-14864,16163,650,50796,-53586,82.8,93.3,-747840,1236161,488321,31402363.01,38502082.745
"227","2005","Q1",82.1,82.1,82.1,74,71,71.7,60.5,40.1,76.2,57.7,92.5,81.4,46.5,99.8,85.7,85.7,85.7,73.5,82.4,-14023,40455,-45570,1310,-1643,32,NA,NA,6070,-14644,14183,-192,48817,-49887,82.9,91.3,-749623,1250020,500397,29187705.356,34977591.248
"228","2005","Q2",82.6,82.6,82.6,74.9,71.4,72.2,61.2,49.5,79,63,94.1,84,56.7,100.2,86.3,86.5,86.5,76,83.1,-13149,44949,-49478,1329,-1638,-55,1,-56,6568,-14880,11806,1398,50058,-53443,89.8,92.6,-715954,1222890,506936,35298944.725,38164343.096
"229","2005","Q3",83.4,83.4,83.4,74.9,71.3,72.1,62.1,55.4,79.6,66,96.6,86.9,65.1,101.7,87.5,87.4,87.4,77.8,84.3,-15848,46598,-52249,1341,-1234,-104,0,-104,6187,-16491,15120,832,50297,-55496,92.6,94.2,-762914,1278307,515393,35915900.811,40385129.556
"230","2005","Q4",83.8,83.9,83.9,75.4,72.9,73.5,62.8,56.3,81.6,67.4,97,90.9,67.2,101.9,88.3,88.2,88.3,78.7,84.9,-14190,50384,-54720,1392,-1442,-33,1,-34,6923,-16728,14139,84,53044,-57642,95,94.9,-808829,1337865,529036,38676144.926,42086093.269
"231","2006","Q1",84.5,84.6,84.6,76.2,73.8,74.3,63.2,58.9,86.6,70.8,98.2,93.1,69.6,102.9,89.2,89.2,89.2,80.4,85.5,-13126,48501,-52340,1441,-1654,-31,1,-32,7884,-16957,13334,-177,49685,-54151,97.6,96.7,-896770,1421636,524867,36338984.624,40387996.784
"232","2006","Q2",85.9,85.9,85.9,78.3,76.6,77,64.2,58.4,92.6,73.3,100.5,95.3,75.9,104.6,89.9,90.1,90.1,82.7,86.8,-14505,52746,-57019,1497,-2097,-36,1,-37,8770,-18402,13335,1206,51806,-57842,101.8,98.6,-918882,1456020,537138,41561300.49,44504776.736
"233","2006","Q3",86.7,86.7,86.6,78.3,78.5,78.4,63.2,60.2,94,74.7,100.2,95.4,79.1,103.6,90.9,90.9,91,83.6,87.7,-16418,54541,-58302,1583,-1524,-33,2,-35,8682,-21398,15347,1104,52946,-59468,103,98,-958657,1512567,553909,42614698.973,44452385.977
"234","2006","Q4",86.6,86.6,86.7,79.6,80,79.8,67.7,58.6,95.1,74.8,97,94.8,66.1,101.8,91.8,91.9,91.9,83.6,87.9,-16740,56431,-61168,1655,-1738,419,457,-38,9291,-21210,15946,374,54834,-63897,102.9,95.7,-1004055,1593241,589186,43238795.89,46678486.342
"235","2007","Q1",86.6,86.7,86.7,79.7,80.9,80.5,74.4,57.1,95.5,74.8,95.3,93.4,61.5,100.5,92.8,92.8,92.8,83.5,87.9,-16216,53554,-57900,1661,-1896,-13,30,-43,10798,-22433,16271,-41,52071,-61412,102.8,94.3,-1065421,1665772,600351,39806016.674,43961641.045
"236","2007","Q2",87.7,87.7,87.7,83.6,84.3,84.1,75,56.6,96.4,75.1,95.4,88.9,69.2,99.6,93.5,93.7,93.7,84.1,88.8,-17206,55005,-60027,1684,-1672,-109,0,-109,11390,-23586,16207,1108,53463,-64137,102.9,93.6,-1125212,1743861,618650,42439027.929,45639996.38
"237","2007","Q3",88.3,88.3,88.2,86,87.5,87.1,75.8,55.7,92.1,72.9,94.6,92.3,72.8,98.2,94.8,94.7,94.7,84.2,89.8,-21250,55668,-63679,1842,-1656,-57,1,-58,11377,-24802,20019,1289,54815,-68489,101.6,93,-1182614,1803736,621122,42787870.413,47670067.204
"238","2007","Q4",89.1,89.2,89.3,88.1,91.2,90.4,77.9,56.3,90.2,72.5,94.8,89.9,80.4,97.4,95.7,95.6,95.6,84.8,90.4,-21585,57656,-67299,1792,-1709,-60,2,-62,11401,-23427,22132,-487,56279,-72718,102.4,92.5,-1157221,1797575,640354,43352037.164,50515117.258
"239","2008","Q1",90.3,90.3,90.4,87.6,91.8,90.8,89.8,56.6,93.4,75,97.4,97.5,89.3,99,96.6,96.5,96.6,87.1,92.1,-19430,57704,-65856,1835,-1922,-59,6,-65,12805,-23996,20283,-794,54219,-69486,106.4,94.8,-1144916,1792844,647929,42472399.107,50197855.911
"240","2008","Q2",91.6,91.7,91.6,86.9,91,90,93.1,75.2,95.6,85.1,98.8,104,104,98.5,97.5,97.7,97.7,90.9,93,-15758,66338,-70518,1814,-1901,-84,0,-84,13456,-24947,15040,802,56554,-74172,117.3,95.1,-1154913,1814741,659829,52244424.009,53906507.507
"241","2008","Q3",92.7,92.7,92.6,85.8,88.7,88,94.8,97.3,98.1,96.8,103.7,109.4,116.1,102.6,98.6,98.7,98.7,96.1,94.8,-13449,75293,-77172,1835,-1814,-53,0,-53,12905,-24496,14154,-652,57331,-77662,131.3,99.4,-1172090,1857270,685180,60747336.761,59000311.383
"242","2008","Q4",92.4,92.4,92.6,85,87.5,86.8,107,121.6,105.1,112.2,114.8,130.8,93.5,117.7,99.8,99.7,99.7,101.3,96.1,-9082,82541,-81354,1853,-1823,-301,1,-302,12826,-23124,8417,965,57925,-73031,142.5,111.4,-1170891,1873267,702376,66876755.628,62841227.633
"243","2009","Q1",92.5,92.6,92.5,86.3,86.8,86.6,97.9,119.5,97.3,107,111.7,114.5,57.3,118.6,100.5,100.6,100.6,99,95.8,-5579,71464,-66645,1802,-2070,-284,0,-284,12215,-22345,7202,-1339,55776,-61399,128.1,108.5,-1139221,1847640,708419,55689562.142,51017993.782
"244","2009","Q2",92.9,93,93,89.4,90.4,90.2,86.9,81.6,89.5,85,104.5,93,59.3,110.4,101.1,101.3,101.4,91.6,95,-14283,60596,-62055,1750,-2398,-69,1,-70,9754,-21930,14836,-484,56170,-63019,107.9,98.5,-1160269,1852582,692313,47515350.975,46623767.51
"245","2009","Q3",93.8,93.9,93.7,92.7,94.4,94,82.8,65.4,89.5,76.8,101.3,90.6,72.5,105.1,102,101.8,101.8,88.8,95.1,-18652,60076,-66712,1679,-1680,-61,1,-62,9847,-21862,18965,-252,58411,-69802,102.9,95.6,-1210744,1940526,729782,46396940.064,49789749.253
"246","2009","Q4",94.3,94.4,94.5,97.8,99.6,99.2,79.3,64,88.5,75.5,97,88.3,75,99.8,102.7,102.6,102.6,88.1,94.7,-21361,61753,-69370,1702,-1648,-62,21,-83,7750,-21549,23165,-1742,60798,-76451,101.6,90.7,-1233168,1991938,758770,46955242.191,53132061.02
"247","2010","Q1",95.2,95.2,95.2,100.1,103.1,102.3,81.5,65.9,92.7,78.4,97.3,98,73.9,100.2,103.6,103.6,103.5,89.8,95.6,-18038,61444,-65276,1852,-2340,-70,0,-70,9591,-23309,20413,-2305,57375,-72279,107.1,90.3,-1255177,2012425,757248,46277949.355,48660901.792
"248","2010","Q2",95.8,95.8,95.8,102.1,105,104.3,80.2,87.2,97.7,91,99.1,100.5,79.3,101.6,104.2,104.4,104.5,93.5,95.9,-7196,74497,-69810,1852,-2717,-91,0,-91,11327,-22344,6397,890,61292,-76219,121.5,91.6,-1264148,2023203,759055,61090000.506,52394394.297
"249","2010","Q3",96.5,96.5,96.4,100.9,103.8,103,82.4,100.4,97.2,98.1,99.8,100.2,77.1,102.7,105.7,105.5,105.5,95.7,97.2,-11856,76364,-73390,1916,-1969,1,71,-70,11085,-25862,10770,1084,61279,-79814,124.6,92,-1281736,2043317,761581,62243785.154,54502032.325
"250","2010","Q4",96.9,96.9,97,101.7,104.3,103.6,86.1,86.3,96.1,90.2,96.1,94.6,76.7,98.5,106.6,106.6,106.6,94.2,97.3,-12330,76677,-74389,1907,-2061,-146,2,-148,11282,-25746,13667,-1190,63416,-84542,120.9,88,-1308992,2063051,754059,61529280.782,54920945.34
"251","2011","Q1",98.3,98.4,98.3,101.3,103.2,102.7,92.5,92,99,94.8,97.4,100,83.9,99.1,107.6,107.6,107.5,96.4,98.4,-12187,71567,-68757,1960,-2549,-77,0,-77,10563,-24971,12895,-631,55843,-77487,128.2,88.7,-1330429,2099245,768816,56415389.444,50703796.676
"252","2011","Q2",99.2,99.3,99.3,101.4,102.2,102,100,101.5,99.4,100.6,98.2,105.9,98.4,98.1,108.2,108.4,108.5,98.8,99.2,-8925,79065,-73451,1870,-3191,-94,0,-94,11462,-24679,8081,938,59385,-83168,133.1,88.3,-1334455,2109426,774971,65535452.323,53677305.267
"253","2011","Q3",99.8,99.9,99.7,100,100.3,100.2,106.8,106.2,101.7,104.5,98.2,102.7,95.6,98.5,109.5,109.4,109.4,100.9,99.8,-11860,84181,-81886,1911,-2146,-83,1,-84,11904,-25824,10047,1896,62253,-92300,135.2,88.7,-1365192,2168829,803637,70347678.739,60312227.8
"254","2011","Q4",99.8,99.9,99.9,98.7,99.7,99.4,101.1,104.5,101.1,103,100.6,102.3,99.9,100.7,110.5,110.4,110.4,100.8,100.1,-11919,84726,-84445,1929,-2043,-95,0,-95,12269,-24355,13666,-1652,64932,-93086,130.5,90.7,-1348211,2146221,798010,69398793.41,62203493.755
"255","2012","Q1",99.9,99.8,99.9,100.8,99.7,100,96.1,93.7,98.7,95.8,99.4,96.6,99,99.5,111.4,111.5,111.5,98.9,99.8,-16016,73589,-77858,1819,-2528,-109,0,-109,11705,-22743,16352,-227,59788,-87156,123.1,89.3,-1382593,2199363,816770,58103458.591,57793883.247
"256","2012","Q2",100.4,100.4,100.5,100.5,100.3,100.4,96,95.6,98.5,96.7,101.8,98.4,105.5,101.3,112.2,112.5,112.4,99.3,100.3,-11601,79600,-81636,1877,-2882,-121,0,-121,11446,-20006,10068,1654,63993,-89395,124.4,91.3,-1402969,2212528,809558,66166926.896,59419673.335
"257","2012","Q3",101.8,101.6,101.6,100.5,100.1,100.2,92.4,86.9,95.9,90.5,99.4,96.1,94.5,99.8,113.5,113.4,113.4,99.4,100.9,-18691,75927,-83858,1875,-2006,-79,0,-79,11711,-22340,18458,312,65302,-93747,116.3,89.5,-1443853,2257652,813799,61828047.829,61317766.621
"258","2012","Q4",102,101.9,102,102.7,102.3,102.4,96.2,81.6,97.7,88.3,99.7,93.7,96,100,114.3,114.2,114.2,99.2,101.1,-18715,77121,-85836,1880,-2213,-86,0,-86,10977,-20644,17984,818,67705,-95450,113.9,89.9,-1492129,2308912,816783,61648692.054,63280820.081
"259","2013","Q1",102.4,102.3,102.4,103.4,103.1,103.1,95.5,85.9,97.7,90.8,99.7,92,101.4,99.3,115,115,115,99.4,101.4,-11652,74194,-75756,1828,-2453,-122,0,-122,11590,-21055,10861,913,63103,-83902,117.6,90.3,-1511840,2331259,819419,58190644.965,54835627.99
"260","2013","Q2",102.8,102.8,102.9,106.1,105.6,105.7,96.7,86,96.3,90.5,99.4,96,96.5,99.5,115.5,115.7,115.7,99.3,101.5,-11345,79346,-81050,1914,-3103,-166,0,-166,12304,-20756,11272,239,68165,-89830,116.4,90.2,-1618467,2422248,803781,65310264.689,57022381.094
"261","2013","Q3",104,103.9,103.9,108.2,108.4,108.3,103.1,89.6,100,94.3,105.5,102.7,100.9,105.8,116.6,116.4,116.5,100.8,102.8,-17776,83352,-88944,1993,-2190,-88,0,-88,11700,-23687,17389,475,68813,-92372,121.1,96.3,-1641864,2473005,831141,68383422.567,64783985.201
"262","2013","Q4",104.8,104.6,104.8,111.7,113,112.6,100.5,90,98.7,93.8,104.9,100.5,107.7,104.4,117.2,117.2,117.2,100.9,103,-12304,86550,-88538,2031,-1778,-96,0,-96,12350,-22919,11272,1128,71496,-92219,121.1,96,-1760355,2583960,823605,70073599.382,64320774.245
"263","2014","Q1",105.4,105.4,105.4,113.7,114.4,114.2,101.5,92.1,102.1,96.4,108.3,110.8,112.5,107.5,118,118.1,118,102.1,103.9,-9311,85317,-81583,2007,-3447,-100,0,-100,12353,-23958,11518,-2107,68935,-82430,123.8,99,-1753578,2591063,837485,68391393.417,61573726.347
"264","2014","Q2",105.9,106,106.1,115.5,116.8,116.4,100.5,80.1,101,88.8,105.1,109.5,105.8,104.8,118.5,118.7,118.7,101.3,103.8,-11407,81103,-84092,2083,-2833,-71,48,-119,12666,-20334,9465,2013,70764,-87442,114.6,96.2,-1787753,2643010,855257,66072188.597,61591418.214
"265","2014","Q3",106.4,106.4,106.3,116.1,118.4,117.8,100.2,73.7,102.6,85.3,104.3,109.2,103.7,104.1,119.5,119.4,119.4,101.3,104,-16794,81327,-88238,2132,-2359,-101,19,-120,13539,-23195,17375,-480,73849,-92134,110.1,95.8,-1875985,2733603,857619,65124332.664,64582161.567
"266","2014","Q4",106.6,106.7,106.5,118.3,120.9,120.2,101.3,71.6,106.6,85.3,105.2,117.9,91.2,106.4,120.2,120.1,120.1,101.7,104.1,-12713,84373,-89081,2135,-2633,-129,0,-129,13280,-20787,13243,-401,76725,-91278,110,97.6,-1998250,2849609,851359,66333881.631,64943093.053
"267","2015","Q1",106.8,106.9,106.8,119.3,123,122.1,104.8,69.2,108.2,84.6,105,119.6,70.6,108.5,120.7,120.8,120.8,101.9,104.6,-11730,81679,-84290,2129,-2481,-134,1,-135,12980,-21748,12325,-461,74886,-85891,109.1,98.1,-2165355,3036681,871326,62401490.233,61761190.535
"268","2015","Q2",107.5,107.7,107.7,124.2,129.1,127.8,104.1,63.3,108.2,80.9,106.5,121.4,75.2,109.7,121.2,121.4,121.4,101.7,104.9,-18767,77112,-87551,2155,-2963,-155,0,-155,13222,-20742,19624,-702,73538,-88300,104.9,99.2,-2118723,2981051,862328,60691035.472,65594876.12
"269","2015","Q3",108,108.2,107.8,126.2,131.9,130.4,111.1,62.7,108,80.9,108,120.4,65.7,112.2,122.2,122.1,122.1,102.5,105.8,-23650,82717,-94022,2203,-2174,-153,5,-158,12154,-24528,22103,1701,78949,-92167,104.8,102,-2229603,3114723,885120,64814228.593,70000544.416
"270","2015","Q4",108.4,108.8,108.3,126.2,132.1,130.6,106.5,58.1,104.1,76.5,107.7,123.7,62.2,112.1,122.7,122.7,122.7,102.1,106.1,-23220,81628,-94532,2248,-2020,-167,1,-168,12892,-23436,26353,-2966,81206,-92832,100.5,101.8,-2167220,3095856,928636,61705468.902,69717699.407
"271","2016","Q1",108.2,108.8,108.2,125.2,132.1,130.4,100.5,53.8,102.6,72.9,104.5,118.4,47.2,110,123.2,123.3,123.3,101.4,105.9,-13522,76945,-83018,2174,-2411,-174,1,-175,14107,-21319,16113,-2417,79364,-84264,97,98.5,-2135717,3115219,979502,56138931.239,61103632.632
"272","2016","Q2",108.6,109.3,108.8,126.9,135.1,133,99.8,55.1,103.2,73.9,103.5,115.6,51.2,108.6,123.7,123.9,123.9,101.5,106,-14755,78234,-85549,2236,-2483,-174,29,-203,14584,-21777,16060,-1131,80005,-87858,97.8,97.4,-2207710,3208051,1000342,60764084.822,62441637.105
"273","2016","Q3",109.4,110,109.3,128.4,137.3,135,96.9,58.9,105.5,76.9,102.5,120.9,52,107.4,124.6,124.4,124.4,102.3,106.3,-17283,83580,-89860,2172,-2262,-99,30,-129,12415,-23328,14787,2595,82878,-93077,100.8,96.5,-2183176,3184082,1000906,64294189.719,65148919.157
"274","2016","Q4",110,110.5,109.8,131.3,143.8,140.6,96.5,76.1,106.1,88.2,102.7,126.4,57.4,107.2,125.1,125,125,104.4,106.8,-5951,98175,-92167,2204,-1937,-367,8,-375,13591,-25818,5158,1160,87425,-95561,112.3,96.4,-2259986,3237464,977478,77270842.544,65650670.159
"275","2017","Q1",110.5,111.1,110.5,133.5,147.3,143.7,97.4,86.3,109.6,96,103.9,132.3,63.6,107.9,125.6,125.7,125.6,105.9,107.3,-5077,96889,-88574,2196,-2695,-144,2,-146,13170,-26063,7031,-1809,82388,-91505,117.6,96.8,-2214294,3186369,972075,74557327.607,63468929.105
"276","2017","Q2",110.7,111.4,110.9,136.1,150.1,146.5,97.2,77.5,110.2,90.5,103.8,131.5,59.6,108.2,126.1,126.3,126.3,105.8,107.8,-9475,94747,-91986,2271,-2603,171,340,-169,13541,-25445,9984,-681,84356,-94428,112.3,97.4,-2273086,3220362,947275,74757350.9,69739560.712
"277","2017","Q3",111.4,112.2,111.3,135,150.1,146.2,98.3,74.5,107.6,87.8,102.1,129.1,58.9,106.3,127.1,126.9,126.9,105.5,108,-13257,97090,-96099,2219,-2307,-123,5,-128,13945,-28105,12765,615,87936,-100246,110.4,95.9,-2258717,3217067,958350,75590170.57,82277031.673
"278","2017","Q4",112.1,113.1,112,135.8,151.8,147.6,102.7,75.7,111.9,90.3,104.1,132.1,65.9,107.9,127.7,127.6,127.6,106.8,108.6,-14605,98947,-99418,2208,-2114,-413,2,-415,14384,-28611,13990,1028,88247,-102370,112.1,97.1,-2338386,3324580,986194,76423212.987,72831494.177
"279","2018","Q1",112.6,113.6,112.6,NA,NA,NA,106.8,81.9,113,94.7,106.3,133.4,74.9,109.6,NA,NA,NA,NA,NA,NA,NA,NA,NA,NA,NA,NA,NA,NA,NA,NA,NA,NA,NA,NA,NA,NA,NA,NA,NA,NA
